id;nombre;apellido;documento_identidad;email;telefono;categoria_id
1;Benji;Robertshaw;Genderqueer;brobertshaw0@odnoklassniki.ru;560-647-3621;1
2;Erda;Cuxon;Female;ecuxon1@boston.com;523-688-4175;2
3;Duky;Andress;Male;dandress2@xing.com;101-152-3366;3
4;Terrance;Lissandrini;Male;tlissandrini3@yale.edu;399-744-5095;1
5;Tessie;Crosswaite;Female;tcrosswaite4@un.org;395-963-0486;2
6;Clayborn;Taree;Male;ctaree5@digg.com;550-601-2135;3
7;Darwin;Janssens;Bigender;djanssens6@nyu.edu;518-931-5877;1
8;Othilie;Klugman;Female;oklugman7@usgs.gov;441-761-1113;2
9;Charyl;Heenan;Female;cheenan8@nationalgeographic.com;163-846-0786;3
10;Ardys;Durtnal;Female;adurtnal9@ftc.gov;216-376-1866;1
11;Kaile;Crotty;Female;kcrottya@i2i.jp;415-571-0582;2
12;Ezequiel;Jepps;Male;ejeppsb@opera.com;811-298-2591;3
13;Alexei;Peyton;Male;apeytonc@cisco.com;693-831-0937;1
14;Joya;Severy;Female;jseveryd@networkadvertising.org;525-329-6506;2
15;Patrizio;Benstead;Male;pbensteade@dedecms.com;834-485-4768;3
16;Gherardo;Evanson;Male;gevansonf@1688.com;145-875-1857;1
17;Stefano;Beagin;Male;sbeaging@nymag.com;479-491-1603;2
18;Amandi;Sadler;Female;asadlerh@exblog.jp;968-171-7155;3
19;Beverie;Kohnert;Female;bkohnerti@deliciousdays.com;356-381-5736;1
20;Francklyn;Zumbusch;Male;fzumbuschj@cbsnews.com;267-341-6975;2
21;Darcy;Arthan;Female;darthank@microsoft.com;677-909-1769;3
22;Florinda;Rorke;Female;frorkel@storify.com;195-863-0697;1
23;Raphaela;Epinay;Female;repinaym@dyndns.org;515-679-4194;2
24;Kevan;Craigmile;Male;kcraigmilen@barnesandnoble.com;135-235-1283;3
25;Ardelia;Coatts;Female;acoattso@ftc.gov;103-266-0918;1
26;Finlay;Yakushkin;Agender;fyakushkinp@globo.com;831-507-4909;2
27;Bamby;Weeden;Female;bweedenq@indiatimes.com;457-147-1870;3
28;Leanna;Macquire;Female;lmacquirer@shareasale.com;395-758-3065;1
29;Clare;Garr;Male;cgarrs@cloudflare.com;776-365-8091;2
30;Sigismond;Ferrolli;Male;sferrollit@google.ru;939-203-1530;3
31;Ezra;Henstone;Male;ehenstoneu@businessinsider.com;931-705-0167;1
32;Timmy;Willingam;Male;twillingamv@mtv.com;463-809-1020;2
33;Em;McCole;Male;emccolew@bing.com;771-435-3375;3
34;Jany;Brownlow;Female;jbrownlowx@yale.edu;244-584-7137;1
35;Laurette;Roughsedge;Female;lroughsedgey@dedecms.com;865-786-3640;2
36;Rora;Eates;Female;reatesz@uol.com.br;218-854-1766;3
37;Barn;Mulvihill;Genderfluid;bmulvihill10@360.cn;969-746-0665;1
38;Brietta;Garrison;Female;bgarrison11@cocolog-nifty.com;156-788-6869;2
39;Andie;Duckerin;Female;aduckerin12@wsj.com;490-403-4371;3
40;Josie;Annett;Female;jannett13@apple.com;710-666-5865;1
41;Helge;Desborough;Female;hdesborough14@google.com.au;825-442-0886;2
42;Fletcher;Petchey;Male;fpetchey15@dedecms.com;520-315-8599;3
43;Mayne;Stogill;Male;mstogill16@reddit.com;270-913-1655;1
44;Nikolaos;Kneaphsey;Agender;nkneaphsey17@engadget.com;102-966-3354;2
45;Kane;Hebbs;Male;khebbs18@wunderground.com;969-709-1654;3
46;Tom;Semple;Male;tsemple19@alibaba.com;177-469-8224;1
47;Tabb;Byrnes;Male;tbyrnes1a@merriam-webster.com;787-212-4280;2
48;Effie;Gopsell;Female;egopsell1b@unicef.org;163-859-8135;3
49;Vassily;Furley;Male;vfurley1c@springer.com;186-756-5000;1
50;Ame;Riggott;Female;ariggott1d@sciencedaily.com;235-947-3077;2
51;Joan;Feetham;Female;jfeetham1e@list-manage.com;337-626-6821;3
52;Paige;Rapps;Male;prapps1f@sciencedaily.com;120-955-7055;1
53;Webb;McTrustie;Male;wmctrustie1g@goo.gl;612-347-0218;2
54;Janna;Natt;Female;jnatt1h@boston.com;407-561-3633;3
55;Arlyn;Pyford;Female;apyford1i@kickstarter.com;321-815-9830;1
56;Emmott;Blencoe;Bigender;eblencoe1j@yale.edu;402-694-6818;2
57;Astrix;Frossell;Female;afrossell1k@sphinn.com;386-257-1657;3
58;Ambrosius;Foxen;Male;afoxen1l@noaa.gov;400-859-7842;1
59;Cristi;Keysall;Female;ckeysall1m@tamu.edu;101-884-6703;2
60;Aveline;Ellcome;Female;aellcome1n@tripod.com;565-705-9113;3
61;Mariellen;Baistow;Female;mbaistow1o@wordpress.com;198-994-6837;1
62;Lenka;Chartre;Female;lchartre1p@163.com;114-996-7434;2
63;Yanaton;Phillipps;Male;yphillipps1q@hubpages.com;318-450-3620;3
64;Avril;Querree;Female;aquerree1r@mayoclinic.com;821-280-7545;1
65;Logan;Cabotto;Male;lcabotto1s@netvibes.com;887-416-5820;2
66;Zena;Tumasian;Female;ztumasian1t@wiley.com;766-395-2227;3
67;Winona;Chrystal;Female;wchrystal1u@51.la;333-791-8991;1
68;Packston;Cockburn;Male;pcockburn1v@bloglines.com;560-223-9781;2
69;Wilfrid;Kerans;Male;wkerans1w@list-manage.com;440-515-9469;3
70;Emmalynn;Meaking;Female;emeaking1x@comcast.net;175-542-4374;1
71;Staffard;Fidian;Male;sfidian1y@cloudflare.com;613-559-1744;2
72;Starr;Sigfrid;Female;ssigfrid1z@alibaba.com;373-256-8611;3
73;Flinn;Larkins;Male;flarkins20@ihg.com;682-184-2685;1
74;Myrah;Elliott;Female;melliott21@washington.edu;964-849-6547;2
75;Giorgi;Mawd;Male;gmawd22@wordpress.org;503-115-2117;3
76;Hedwiga;Pebworth;Female;hpebworth23@bravesites.com;264-180-8888;1
77;Pearline;Braund;Female;pbraund24@usgs.gov;417-876-8328;2
78;Zaneta;Cockshott;Female;zcockshott25@hubpages.com;762-338-1430;3
79;Sibelle;Antoniottii;Female;santoniottii26@webeden.co.uk;835-814-7088;1
80;Edith;Slane;Female;eslane27@goo.gl;140-842-4655;2
81;Johnath;Enbury;Female;jenbury28@businessweek.com;117-147-0064;3
82;Toni;Fabb;Female;tfabb29@creativecommons.org;588-739-5459;1
83;Gavin;Latta;Male;glatta2a@cafepress.com;576-554-4091;2
84;Angelia;Doblin;Female;adoblin2b@google.fr;386-315-1936;3
85;Trude;Mingotti;Polygender;tmingotti2c@123-reg.co.uk;896-526-9844;1
86;Patrizio;Grogor;Male;pgrogor2d@comsenz.com;313-909-0918;2
87;Gonzalo;Kivits;Male;gkivits2e@geocities.jp;265-176-0489;3
88;Talia;Dmisek;Female;tdmisek2f@archive.org;576-454-4586;1
89;Tamas;Larwood;Male;tlarwood2g@over-blog.com;478-209-0711;2
90;Keen;Goodlake;Agender;kgoodlake2h@shareasale.com;192-312-3128;3
91;Gilli;Maynard;Female;gmaynard2i@elegantthemes.com;163-770-1954;1
92;Herbie;Cowgill;Male;hcowgill2j@wordpress.com;563-687-5987;2
93;Alikee;Kee;Female;akee2k@mapy.cz;940-576-7475;3
94;Puff;D'Ambrogio;Bigender;pdambrogio2l@irs.gov;129-219-6504;1
95;Garrard;Renowden;Male;grenowden2m@mac.com;904-793-7716;2
96;Dru;Smitheram;Male;dsmitheram2n@sitemeter.com;669-561-7761;3
97;Isacco;Fielder;Male;ifielder2o@ca.gov;234-248-3706;1
98;Reidar;Shoute;Male;rshoute2p@homestead.com;181-991-7487;2
99;Nicola;McNabb;Female;nmcnabb2q@adobe.com;671-122-2714;3
100;Merrile;Gahan;Bigender;mgahan2r@tripadvisor.com;603-143-8583;1
101;Stefanie;Jugging;Female;sjugging2s@ucoz.com;307-355-1064;2
102;Hashim;Parysiak;Male;hparysiak2t@flickr.com;735-582-4010;3
103;Rochette;Shew;Female;rshew2u@ehow.com;230-878-4561;1
104;Hebert;Salvadori;Male;hsalvadori2v@amazon.de;281-796-2454;2
105;Essa;Gravells;Bigender;egravells2w@pen.io;347-991-0266;3
106;Jeri;Jansey;Female;jjansey2x@wordpress.com;865-392-6638;1
107;Orran;Langabeer;Male;olangabeer2y@rambler.ru;445-100-4846;2
108;Ebeneser;Budgett;Male;ebudgett2z@mozilla.org;108-741-3157;3
109;Tyrus;Rillett;Male;trillett30@facebook.com;308-281-1998;1
110;Trudie;Healy;Female;thealy31@nba.com;801-306-1934;2
111;Yard;Buntain;Male;ybuntain32@skyrock.com;951-629-4324;3
112;Tracie;Pudan;Genderqueer;tpudan33@indiatimes.com;354-852-0714;1
113;Karina;Giacopello;Female;kgiacopello34@jimdo.com;627-738-4352;2
114;Phyllys;Stopp;Female;pstopp35@tamu.edu;970-855-3565;3
115;Adelice;Baldacchi;Female;abaldacchi36@ox.ac.uk;595-531-7852;1
116;Agatha;Slany;Female;aslany37@nyu.edu;557-761-3229;2
117;Kym;Desaur;Female;kdesaur38@mashable.com;361-969-6483;3
118;Lindy;Nyland;Bigender;lnyland39@a8.net;357-584-3293;1
119;Laetitia;Batrim;Female;lbatrim3a@webeden.co.uk;590-493-4866;2
120;Denys;Peart;Male;dpeart3b@bbb.org;489-491-7951;3
121;Brana;Selliman;Female;bselliman3c@shinystat.com;619-905-5750;1
122;Rolland;McCarter;Male;rmccarter3d@ucla.edu;314-944-8028;2
123;Nicolette;Mulvenna;Female;nmulvenna3e@istockphoto.com;818-940-8781;3
124;Richy;Duncan;Male;rduncan3f@creativecommons.org;326-331-2379;1
125;Farrell;Alleway;Male;falleway3g@live.com;554-566-9608;2
126;Olin;Bonick;Male;obonick3h@elpais.com;979-712-5195;3
127;Felizio;Michele;Male;fmichele3i@wsj.com;991-815-6780;1
128;Angelica;Mauser;Female;amauser3j@hhs.gov;400-243-5224;2
129;Atlanta;Miskelly;Genderfluid;amiskelly3k@bravesites.com;776-365-6352;3
130;Brock;Goodered;Male;bgoodered3l@mysql.com;728-916-6852;1
131;Waylon;Eardley;Male;weardley3m@quantcast.com;354-820-9033;2
132;Monro;Iacopini;Male;miacopini3n@europa.eu;605-208-0412;3
133;Sigfrid;Pennycuick;Genderfluid;spennycuick3o@chicagotribune.com;670-622-9661;1
134;Roldan;Tregiddo;Non-binary;rtregiddo3p@wunderground.com;244-905-1747;2
135;Minnie;Byars;Female;mbyars3q@yelp.com;659-821-9099;3
136;Hetty;Jacob;Female;hjacob3r@amazonaws.com;993-962-1125;1
137;Wilmar;Barnfield;Male;wbarnfield3s@si.edu;926-477-6183;2
138;Mandi;Buckley;Female;mbuckley3t@yolasite.com;439-583-9467;3
139;Darcey;Shera;Female;dshera3u@squarespace.com;795-874-2239;1
140;Mora;Yosevitz;Bigender;myosevitz3v@bluehost.com;456-618-2717;2
141;Edouard;Bruna;Male;ebruna3w@meetup.com;567-779-9347;3
142;Vernon;Vautre;Male;vvautre3x@blogspot.com;636-961-7133;1
143;Kendall;Ramsdale;Male;kramsdale3y@networkadvertising.org;661-998-8728;2
144;Crissie;Cosans;Female;ccosans3z@angelfire.com;115-330-1556;3
145;Kayne;Bogays;Male;kbogays40@cam.ac.uk;294-464-4594;1
146;Jose;Yankeev;Male;jyankeev41@unblog.fr;221-259-5121;2
147;Clementia;Pallister;Female;cpallister42@delicious.com;574-309-8376;3
148;Barnaby;Reany;Male;breany43@theatlantic.com;769-473-1528;1
149;Monte;Soulsby;Male;msoulsby44@msu.edu;154-536-2611;2
150;Norbert;Jefford;Male;njefford45@soundcloud.com;115-698-8147;3
151;Karim;Fewlass;Male;kfewlass46@nyu.edu;880-860-3317;1
152;Northrup;Beart;Male;nbeart47@clickbank.net;993-938-9527;2
153;Brear;Flancinbaum;Female;bflancinbaum48@stanford.edu;649-511-0493;3
154;Oralee;Mahony;Female;omahony49@macromedia.com;416-509-1539;1
155;Laurianne;Pottage;Female;lpottage4a@nasa.gov;813-291-3571;2
156;Keeley;Keigher;Female;kkeigher4b@paypal.com;279-319-2139;3
157;Zed;Bradder;Male;zbradder4c@nature.com;790-409-5952;1
158;Christie;Katzmann;Male;ckatzmann4d@bloomberg.com;920-615-0969;2
159;Jess;Cathersides;Female;jcathersides4e@csmonitor.com;518-682-5059;3
160;Rivkah;Giovanetti;Female;rgiovanetti4f@slashdot.org;151-952-4977;1
161;Ewell;King;Male;eking4g@ycombinator.com;144-581-1572;2
162;Zeke;Poynser;Male;zpoynser4h@booking.com;978-287-8309;3
163;Iggie;Vaughan-Hughes;Male;ivaughanhughes4i@examiner.com;536-112-3147;1
164;Ronald;Meier;Male;rmeier4j@state.tx.us;316-551-1415;2
165;Winonah;Bibbie;Female;wbibbie4k@1688.com;194-203-8763;3
166;Briana;Northridge;Genderqueer;bnorthridge4l@dot.gov;645-938-8080;1
167;Emmy;Tonkes;Female;etonkes4m@indiegogo.com;346-727-5188;2
168;Jeffy;Benger;Male;jbenger4n@people.com.cn;619-144-6402;3
169;Kynthia;Ivashev;Female;kivashev4o@squarespace.com;723-131-2442;1
170;Mozelle;Olivera;Female;molivera4p@hexun.com;432-978-1339;2
171;Anestassia;Markova;Female;amarkova4q@howstuffworks.com;549-907-8861;3
172;Marietta;Hassen;Female;mhassen4r@cbslocal.com;702-592-6399;1
173;Jaime;Youings;Male;jyouings4s@amazon.com;556-818-7570;2
174;John;Aindrais;Male;jaindrais4t@tinypic.com;338-947-4916;3
175;Marsha;Lowthian;Female;mlowthian4u@hao123.com;191-187-3494;1
176;Jasper;Anespie;Male;janespie4v@gmpg.org;982-680-6266;2
177;Cullan;Onn;Male;conn4w@yale.edu;220-719-7660;3
178;Nissie;Garwell;Female;ngarwell4x@canalblog.com;377-272-9898;1
179;Eugenie;Strong;Female;estrong4y@indiatimes.com;136-288-7505;2
180;Addi;Spellworth;Female;aspellworth4z@google.es;897-561-5543;3
181;Reggy;Cicullo;Male;rcicullo50@trellian.com;265-911-6835;1
182;Ainsley;Blumsom;Female;ablumsom51@independent.co.uk;408-909-7712;2
183;Francesco;Pulfer;Male;fpulfer52@macromedia.com;636-217-1228;3
184;Silvan;Lett;Male;slett53@ftc.gov;670-618-8011;1
185;Ennis;Hemms;Male;ehemms54@blogger.com;564-147-5660;2
186;Evelin;Alliston;Male;ealliston55@nytimes.com;991-202-0444;3
187;Flor;McBay;Female;fmcbay56@imageshack.us;275-284-1562;1
188;Florette;Smart;Female;fsmart57@shareasale.com;943-768-0028;2
189;Sophie;Blucher;Female;sblucher58@netscape.com;752-204-4782;3
190;Germain;De Fraine;Male;gdefraine59@webs.com;887-628-4701;1
191;Cyril;Trevett;Male;ctrevett5a@cnn.com;377-174-7771;2
192;Burg;Eaves;Male;beaves5b@blinklist.com;726-484-2201;3
193;Mariam;Weeke;Female;mweeke5c@google.de;587-185-7999;1
194;Ragnar;Polack;Male;rpolack5d@biblegateway.com;120-991-9162;2
195;Elsworth;Hubbocks;Male;ehubbocks5e@over-blog.com;102-131-0766;3
196;Ade;Sivewright;Male;asivewright5f@wikia.com;267-483-3073;1
197;Aindrea;Fetherstan;Genderqueer;afetherstan5g@sun.com;842-281-2526;2
198;Peder;Dreghorn;Male;pdreghorn5h@ustream.tv;726-721-0621;3
199;Obediah;Olczak;Bigender;oolczak5i@weather.com;537-106-4944;1
200;Salli;Carnilian;Female;scarnilian5j@bravesites.com;980-133-8997;2
201;Brooks;Pamplin;Female;bpamplin5k@nature.com;845-295-4276;3
202;Catrina;Grece;Female;cgrece5l@oracle.com;405-886-0109;1
203;Taylor;Gillie;Male;tgillie5m@macromedia.com;989-452-0207;2
204;Mic;Dews;Male;mdews5n@census.gov;863-946-2540;3
205;Perice;Aldridge;Male;paldridge5o@chronoengine.com;897-335-3534;1
206;Phyllida;Maffucci;Female;pmaffucci5p@msn.com;908-144-2466;2
207;Briggs;Flemmich;Male;bflemmich5q@theglobeandmail.com;120-628-8316;3
208;Galven;Hendrichs;Male;ghendrichs5r@sina.com.cn;329-236-1774;1
209;Bevan;Bendelow;Male;bbendelow5s@indiatimes.com;590-536-3662;2
210;Mendel;Borborough;Male;mborborough5t@gravatar.com;111-798-9518;3
211;Alvina;Shaughnessy;Female;ashaughnessy5u@wp.com;956-109-8959;1
212;Ebony;Haward;Female;ehaward5v@themeforest.net;462-356-4873;2
213;Matty;De Freyne;Male;mdefreyne5w@cnet.com;429-907-2370;3
214;Cleveland;Carlow;Male;ccarlow5x@bigcartel.com;733-832-1434;1
215;Taylor;Ruck;Male;truck5y@sina.com.cn;750-321-1871;2
216;Maible;Alstead;Female;malstead5z@github.io;171-552-1673;3
217;Trey;Grund;Male;tgrund60@hibu.com;772-196-5068;1
218;Marius;Fagg;Male;mfagg61@feedburner.com;382-538-1350;2
219;Hussein;Upton;Male;hupton62@nsw.gov.au;724-508-1672;3
220;Sukey;Tissington;Female;stissington63@mac.com;639-447-4282;1
221;Joyous;Hoggins;Female;jhoggins64@ft.com;984-779-0156;2
222;Alphonso;Adnett;Male;aadnett65@yelp.com;273-542-7287;3
223;Travers;Helks;Male;thelks66@apple.com;595-166-6413;1
224;Reuben;Hallgalley;Male;rhallgalley67@wikispaces.com;994-497-3834;2
225;Janeva;Le Provost;Female;jleprovost68@histats.com;976-642-7218;3
226;Belia;Ariss;Genderfluid;bariss69@timesonline.co.uk;334-192-3344;1
227;Sande;Baudinelli;Female;sbaudinelli6a@163.com;999-237-6978;2
228;Archambault;Sancraft;Male;asancraft6b@archive.org;553-502-2052;3
229;Elle;Milroy;Female;emilroy6c@zdnet.com;984-931-8483;1
230;Justen;Trahair;Male;jtrahair6d@pbs.org;571-316-5070;2
231;Patty;Hullin;Female;phullin6e@smh.com.au;896-465-6461;3
232;Keenan;Aicken;Male;kaicken6f@statcounter.com;895-806-1943;1
233;Upton;Jerrom;Male;ujerrom6g@time.com;436-789-9895;2
234;Kris;Shambrooke;Female;kshambrooke6h@vimeo.com;527-447-7838;3
235;Elsey;Fernier;Female;efernier6i@china.com.cn;503-926-4746;1
236;Ara;Oslar;Female;aoslar6j@redcross.org;938-639-4385;2
237;Nerty;Cisneros;Female;ncisneros6k@plala.or.jp;801-750-7874;3
238;Tad;Fussey;Male;tfussey6l@sphinn.com;226-148-8898;1
239;King;Kendall;Male;kkendall6m@fema.gov;784-990-8357;2
240;Dulcia;Capponeer;Female;dcapponeer6n@com.com;219-797-4520;3
241;Hayward;Pancast;Male;hpancast6o@1und1.de;572-253-4191;1
242;Camila;Lohrensen;Female;clohrensen6p@merriam-webster.com;729-585-0515;2
243;Angelo;Coupe;Male;acoupe6q@china.com.cn;206-675-8009;3
244;Seth;Habbon;Male;shabbon6r@mac.com;334-479-1085;1
245;Gavan;Lord;Male;glord6s@yale.edu;157-393-3166;2
246;Frannie;Riccelli;Male;friccelli6t@51.la;311-674-1221;3
247;Lacy;Keele;Female;lkeele6u@google.ru;584-339-0145;1
248;Martie;de Werk;Female;mdewerk6v@goo.ne.jp;803-281-5809;2
249;Merissa;Stichel;Female;mstichel6w@ucsd.edu;345-562-2941;3
250;Florette;Chamberlin;Female;fchamberlin6x@ifeng.com;540-789-3985;1
251;Rachel;Heimann;Genderqueer;rheimann6y@amazon.co.uk;353-408-1765;2
252;Sanderson;Dimeloe;Male;sdimeloe6z@tripod.com;112-691-0466;3
253;Roosevelt;McVaugh;Male;rmcvaugh70@multiply.com;121-711-0831;1
254;Averell;Jura;Male;ajura71@skyrock.com;570-998-2438;2
255;Horatio;Warham;Male;hwarham72@yellowpages.com;854-939-4958;3
256;Charlean;Digance;Genderfluid;cdigance73@soup.io;267-155-1368;1
257;Franky;Ferminger;Male;fferminger74@zimbio.com;915-905-6909;2
258;Timothy;Frenchum;Male;tfrenchum75@berkeley.edu;720-138-9188;3
259;Ally;Frary;Female;afrary76@imgur.com;382-862-5720;1
260;Raphael;Kiely;Male;rkiely77@arstechnica.com;731-293-1019;2
261;Ree;Linnell;Agender;rlinnell78@tamu.edu;661-849-7873;3
262;Arlin;Gummer;Male;agummer79@diigo.com;961-844-2549;1
263;Tyrus;Coie;Genderfluid;tcoie7a@bandcamp.com;537-538-7005;2
264;Sabina;Fardon;Bigender;sfardon7b@newsvine.com;244-963-1095;3
265;Gabby;Endrighi;Male;gendrighi7c@quantcast.com;274-330-6283;1
266;Gavra;Vellden;Genderfluid;gvellden7d@cam.ac.uk;440-110-2373;2
267;Emlen;Murcutt;Male;emurcutt7e@baidu.com;961-161-0696;3
268;Candide;Le Franc;Female;clefranc7f@spotify.com;376-820-7973;1
269;Cletis;McKennan;Male;cmckennan7g@example.com;213-255-6071;2
270;Kelcy;Kennsley;Female;kkennsley7h@t.co;543-447-0448;3
271;Hadleigh;Weekly;Male;hweekly7i@smugmug.com;372-304-8934;1
272;Danny;Wynes;Male;dwynes7j@miitbeian.gov.cn;778-673-4662;2
273;Annabal;Golding;Female;agolding7k@salon.com;204-882-7401;3
274;Bendicty;Gutans;Male;bgutans7l@ehow.com;668-890-7510;1
275;Fonsie;Morde;Male;fmorde7m@netlog.com;850-739-5209;2
276;Fredericka;Karpenya;Female;fkarpenya7n@sogou.com;626-401-7976;3
277;Moss;Maxwale;Male;mmaxwale7o@nymag.com;846-412-2616;1
278;Stanislaus;Friberg;Male;sfriberg7p@gizmodo.com;248-182-8568;2
279;Ly;Janaszewski;Male;ljanaszewski7q@phpbb.com;813-137-8656;3
280;Bianka;Showt;Female;bshowt7r@nature.com;877-930-9751;1
281;Tilly;Mackrill;Female;tmackrill7s@amazon.co.jp;508-914-2366;2
282;Ermina;Beddows;Female;ebeddows7t@php.net;743-303-2561;3
283;Langston;Aiken;Male;laiken7u@fotki.com;691-416-1918;1
284;Amanda;Groocock;Female;agroocock7v@domainmarket.com;471-839-0966;2
285;Madonna;Fewster;Female;mfewster7w@ezinearticles.com;420-834-0567;3
286;Janos;Heaysman;Male;jheaysman7x@etsy.com;230-757-7593;1
287;Enriqueta;Beatson;Female;ebeatson7y@twitter.com;971-258-7932;2
288;Rab;Corgenvin;Male;rcorgenvin7z@microsoft.com;345-918-1492;3
289;Findley;Bonicelli;Male;fbonicelli80@va.gov;846-361-3820;1
290;Evered;Aspital;Male;easpital81@chron.com;986-412-1447;2
291;Michail;Clace;Male;mclace82@technorati.com;766-972-8279;3
292;Spike;Trythall;Male;strythall83@cbc.ca;933-409-3079;1
293;Ricard;Lepoidevin;Male;rlepoidevin84@stumbleupon.com;816-411-5181;2
294;Ric;Gealle;Male;rgealle85@globo.com;299-765-7846;3
295;Betty;Gear;Female;bgear86@arizona.edu;213-432-0756;1
296;Pincus;Simoncelli;Male;psimoncelli87@nbcnews.com;509-135-9328;2
297;Webb;Polye;Male;wpolye88@biglobe.ne.jp;715-469-5728;3
298;June;Hanfrey;Female;jhanfrey89@is.gd;464-125-6513;1
299;Susanne;Moxon;Female;smoxon8a@hubpages.com;313-160-2098;2
300;Andros;Le Gassick;Male;alegassick8b@scribd.com;650-554-5860;3
301;Fletch;Paternoster;Male;fpaternoster8c@mysql.com;752-358-4532;1
302;Lonnard;Peto;Male;lpeto8d@geocities.jp;879-297-2576;2
303;Barbe;Archard;Female;barchard8e@boston.com;807-511-0156;3
304;Dylan;Lemery;Male;dlemery8f@meetup.com;152-587-9464;1
305;Haze;O'Fihily;Male;hofihily8g@e-recht24.de;195-667-0551;2
306;Brittne;Godridge;Genderfluid;bgodridge8h@blinklist.com;195-734-1753;3
307;Raynor;Assad;Male;rassad8i@vkontakte.ru;626-940-0777;1
308;Dionysus;Gonsalvo;Male;dgonsalvo8j@github.io;814-355-0541;2
309;Lynnette;Harbor;Female;lharbor8k@dailymotion.com;716-434-7844;3
310;Clarence;Coghlin;Male;ccoghlin8l@ox.ac.uk;192-985-3309;1
311;Gaby;Ticic;Female;gticic8m@msn.com;620-181-3648;2
312;Otis;Mollatt;Male;omollatt8n@google.es;866-793-1713;3
313;Judith;How to preserve;Female;jhowtopreserve8o@csmonitor.com;254-268-1297;1
314;Olav;Simenot;Bigender;osimenot8p@fastcompany.com;566-785-7085;2
315;Neil;Fayer;Male;nfayer8q@cnbc.com;374-710-6775;3
316;Doloritas;Vondrasek;Bigender;dvondrasek8r@va.gov;537-481-6074;1
317;Agnola;Sidlow;Female;asidlow8s@apache.org;932-232-8951;2
318;Llewellyn;Hattam;Male;lhattam8t@domainmarket.com;170-611-6128;3
319;Zebadiah;Jean;Male;zjean8u@redcross.org;351-836-8186;1
320;Lorenza;Longfut;Female;llongfut8v@scientificamerican.com;755-199-2184;2
321;Kinna;Ardron;Female;kardron8w@hubpages.com;476-751-0068;3
322;Joshuah;Goldup;Male;jgoldup8x@harvard.edu;478-708-6609;1
323;Nettle;Mawd;Female;nmawd8y@squidoo.com;352-912-4145;2
324;Willow;Lidgerton;Genderfluid;wlidgerton8z@mapquest.com;294-521-7982;3
325;Koral;Strahan;Female;kstrahan90@bigcartel.com;850-271-0450;1
326;Kingsley;Kleinlerer;Male;kkleinlerer91@wordpress.org;902-316-3573;2
327;Sutherlan;Lippett;Male;slippett92@w3.org;231-570-4642;3
328;Marcille;Cuppitt;Female;mcuppitt93@mozilla.org;455-620-3373;1
329;Ike;Kemish;Male;ikemish94@harvard.edu;197-153-4830;2
330;Graig;Salzburger;Male;gsalzburger95@mozilla.com;991-106-5348;3
331;Laurianne;Morten;Female;lmorten96@google.es;669-251-0010;1
332;Dalis;Loosely;Male;dloosely97@ted.com;502-325-0274;2
333;Aimil;Druitt;Female;adruitt98@google.co.jp;791-103-2644;3
334;Andre;Winwright;Male;awinwright99@google.pl;514-241-9312;1
335;Michaela;Leaning;Female;mleaning9a@scribd.com;385-356-6709;2
336;Leia;Randlesome;Female;lrandlesome9b@uol.com.br;573-122-1270;3
337;Alfonse;Mayho;Male;amayho9c@loc.gov;494-799-7638;1
338;Shanie;Perch;Female;sperch9d@skyrock.com;842-795-3038;2
339;Gill;Mixon;Male;gmixon9e@mozilla.com;101-589-4546;3
340;Willie;Turneaux;Male;wturneaux9f@clickbank.net;129-129-5259;1
341;Cornall;Rosetti;Male;crosetti9g@nbcnews.com;875-379-8698;2
342;Latia;Spender;Female;lspender9h@cafepress.com;870-798-5636;3
343;Willabella;Eason;Female;weason9i@paypal.com;382-342-9321;1
344;Barthel;Waldocke;Genderfluid;bwaldocke9j@privacy.gov.au;671-669-3673;2
345;Christoffer;Sapwell;Male;csapwell9k@dedecms.com;354-440-3175;3
346;Dorisa;Boshell;Female;dboshell9l@nasa.gov;902-967-6250;1
347;Maximilian;Edards;Bigender;medards9m@wikipedia.org;398-264-8131;2
348;Alisun;Flannery;Female;aflannery9n@gizmodo.com;527-194-6836;3
349;Fremont;Drains;Male;fdrains9o@newsvine.com;210-935-0798;1
350;Carline;Grishanov;Female;cgrishanov9p@amazon.co.uk;335-987-2127;2
351;Rebecka;Bricham;Female;rbricham9q@netscape.com;122-670-9093;3
352;Carolee;Winsor;Female;cwinsor9r@google.co.uk;935-383-1220;1
353;Gwenny;Koene;Genderfluid;gkoene9s@ehow.com;326-962-5164;2
354;Randell;Beetles;Male;rbeetles9t@vinaora.com;249-664-6481;3
355;Fallon;Mixture;Female;fmixture9u@prweb.com;414-979-4671;1
356;Burr;Reany;Male;breany9v@utexas.edu;768-340-8916;2
357;Wilma;Kloska;Female;wkloska9w@google.com.br;117-359-4954;3
358;Grady;Guilliatt;Male;gguilliatt9x@sitemeter.com;992-784-6750;1
359;Udell;Yeld;Bigender;uyeld9y@slideshare.net;429-272-7918;2
360;Mathew;Rawkesby;Male;mrawkesby9z@msu.edu;511-985-5204;3
361;Saw;Faulconer;Male;sfaulconera0@instagram.com;748-180-2475;1
362;Jim;Ashfield;Male;jashfielda1@miibeian.gov.cn;103-991-3212;2
363;Udale;Simkovitz;Male;usimkovitza2@google.ca;866-903-1520;3
364;Lavinie;Tieman;Female;ltiemana3@cmu.edu;186-501-1651;1
365;Sophia;Crafter;Female;scraftera4@noaa.gov;990-853-9664;2
366;Ewart;Brogden;Agender;ebrogdena5@t-online.de;855-487-9953;3
367;Marsiella;Lonsdale;Female;mlonsdalea6@biglobe.ne.jp;688-511-0415;1
368;Oliviero;Veschambes;Male;oveschambesa7@home.pl;406-681-0662;2
369;Heinrik;Vedeniktov;Male;hvedeniktova8@google.co.uk;155-562-9090;3
370;Donalt;Welbrock;Male;dwelbrocka9@mlb.com;344-383-0162;1
371;Margarethe;Bissex;Female;mbissexaa@apple.com;517-402-6007;2
372;Patricia;Lakenton;Female;plakentonab@state.gov;366-900-1771;3
373;Dominick;Mattosoff;Male;dmattosoffac@aol.com;238-521-2970;1
374;Huberto;Greeveson;Male;hgreevesonad@elegantthemes.com;843-219-4531;2
375;Chucho;Flear;Male;cflearae@fda.gov;743-418-8668;3
376;Donall;MacGall;Male;dmacgallaf@seesaa.net;430-255-9957;1
377;Friedrick;Lowson;Male;flowsonag@last.fm;633-927-9313;2
378;Wolfie;Greiswood;Genderfluid;wgreiswoodah@squidoo.com;775-425-2415;3
379;Kaye;Healey;Female;khealeyai@kickstarter.com;313-952-0718;1
380;Briant;Clinkard;Male;bclinkardaj@sbwire.com;294-119-9301;2
381;Turner;Jewell;Male;tjewellak@biglobe.ne.jp;561-563-6252;3
382;Marysa;Stainland;Female;mstainlandal@about.me;642-606-9602;1
383;Minne;Walesa;Female;mwalesaam@msu.edu;896-411-1728;2
384;Kelsy;Gibbard;Female;kgibbardan@shinystat.com;696-352-7094;3
385;Ettore;Pestridge;Male;epestridgeao@earthlink.net;592-857-5566;1
386;Horton;Kryzhov;Male;hkryzhovap@omniture.com;490-212-5103;2
387;Jeralee;Clowes;Female;jclowesaq@buzzfeed.com;703-525-9313;3
388;Joey;Batalle;Female;jbatallear@utexas.edu;897-545-0790;1
389;Aurelia;Eassom;Bigender;aeassomas@ameblo.jp;951-251-2523;2
390;Grissel;Hanshawe;Female;ghanshaweat@deliciousdays.com;407-747-7720;3
391;Sibylla;Fairbank;Female;sfairbankau@rakuten.co.jp;553-105-8601;1
392;Murdoch;Habbershon;Male;mhabbershonav@apple.com;370-311-3195;2
393;Dionisio;Jerwood;Male;djerwoodaw@wisc.edu;244-656-8105;3
394;Ketty;Cavet;Non-binary;kcavetax@indiegogo.com;155-477-1769;1
395;Pauly;Maginot;Female;pmaginotay@so-net.ne.jp;941-363-2839;2
396;Parrnell;Golthorpp;Male;pgolthorppaz@theguardian.com;750-851-2693;3
397;Muffin;Ingerman;Bigender;mingermanb0@pinterest.com;726-960-7533;1
398;Brien;Stallebrass;Male;bstallebrassb1@qq.com;938-235-2959;2
399;Janela;Ethelstone;Female;jethelstoneb2@hubpages.com;573-413-4987;3
400;Shae;Basillon;Male;sbasillonb3@barnesandnoble.com;857-612-6150;1
401;Winn;Canelas;Male;wcanelasb4@wikia.com;924-714-8493;2
402;Maryann;Trymme;Female;mtrymmeb5@webnode.com;894-427-3211;3
403;Nanice;Feuell;Female;nfeuellb6@washingtonpost.com;440-790-7979;1
404;Eydie;Bigg;Female;ebiggb7@barnesandnoble.com;710-227-7947;2
405;Carline;Osichev;Female;cosichevb8@google.com.au;118-385-4446;3
406;Lainey;Pietruszewicz;Female;lpietruszewiczb9@mit.edu;574-276-5376;1
407;Maud;Witnall;Female;mwitnallba@rambler.ru;438-921-9920;2
408;Jephthah;Theakston;Male;jtheakstonbb@multiply.com;614-701-8020;3
409;Kate;Dearden;Female;kdeardenbc@networkadvertising.org;324-629-7310;1
410;Myra;McAllester;Female;mmcallesterbd@ed.gov;251-649-1254;2
411;Audre;Spavins;Female;aspavinsbe@weather.com;724-520-9822;3
412;Pierre;Cainey;Male;pcaineybf@networksolutions.com;107-151-3276;1
413;Georg;Glasser;Male;gglasserbg@posterous.com;701-538-9916;2
414;Nels;Kording;Male;nkordingbh@etsy.com;396-947-9556;3
415;Clarie;Tulk;Female;ctulkbi@europa.eu;495-625-3366;1
416;Coletta;Keelan;Female;ckeelanbj@cloudflare.com;609-356-2522;2
417;Rhodie;Wakes;Agender;rwakesbk@usatoday.com;206-305-5860;3
418;Fancie;Stitwell;Agender;fstitwellbl@woothemes.com;873-722-3662;1
419;Brucie;MacGillicuddy;Male;bmacgillicuddybm@networkadvertising.org;916-701-9521;2
420;Ricardo;Barabich;Male;rbarabichbn@cdc.gov;850-415-3014;3
421;Alexio;Tapp;Male;atappbo@acquirethisname.com;908-252-3325;1
422;Millicent;Grundwater;Female;mgrundwaterbp@vimeo.com;604-562-7408;2
423;Sibylla;Fibbings;Female;sfibbingsbq@tmall.com;234-101-4777;3
424;Burl;Brun;Male;bbrunbr@feedburner.com;121-460-5764;1
425;Der;Petruszka;Male;dpetruszkabs@symantec.com;515-829-2761;2
426;Louise;Ibbott;Female;libbottbt@jiathis.com;532-459-7086;3
427;Rouvin;Dytham;Male;rdythambu@smugmug.com;804-717-1621;1
428;Doretta;Bothen;Female;dbothenbv@microsoft.com;750-651-0189;2
429;Bria;Fiveash;Female;bfiveashbw@geocities.com;981-641-8902;3
430;Valentijn;Noni;Male;vnonibx@dot.gov;615-610-8834;1
431;Bearnard;Pexton;Male;bpextonby@epa.gov;319-332-7167;2
432;Rozalie;Lisamore;Female;rlisamorebz@guardian.co.uk;812-422-2944;3
433;Anderea;Deport;Female;adeportc0@privacy.gov.au;241-807-5994;1
434;Dianemarie;Ripley;Female;dripleyc1@nydailynews.com;154-401-7803;2
435;Brynna;Walentynowicz;Female;bwalentynowiczc2@cam.ac.uk;635-449-1538;3
436;Malynda;Volkes;Female;mvolkesc3@purevolume.com;475-717-6986;1
437;Lew;Mostin;Male;lmostinc4@angelfire.com;943-328-4850;2
438;Uriel;Pichmann;Male;upichmannc5@sourceforge.net;873-287-5050;3
439;Nanice;Eburah;Female;neburahc6@marriott.com;704-464-9009;1
440;Cherin;Dumbelton;Female;cdumbeltonc7@networksolutions.com;700-570-8444;2
441;Kylila;Shevell;Genderqueer;kshevellc8@mysql.com;918-942-0117;3
442;Lewiss;Giovannoni;Male;lgiovannonic9@accuweather.com;921-545-7947;1
443;Amy;Beenham;Female;abeenhamca@biglobe.ne.jp;852-697-5541;2
444;Jorrie;Linge;Female;jlingecb@photobucket.com;616-929-2271;3
445;Bobinette;Darbon;Female;bdarboncc@prlog.org;374-146-7569;1
446;Alasdair;McDuall;Male;amcduallcd@mediafire.com;642-114-3237;2
447;Barthel;Sneesby;Male;bsneesbyce@soup.io;666-344-0509;3
448;Jessalin;Halsho;Female;jhalshocf@nydailynews.com;478-196-6632;1
449;Ange;Yalden;Female;ayaldencg@diigo.com;799-342-9587;2
450;Sissy;Pleming;Female;splemingch@ed.gov;298-199-6656;3
451;Ragnar;Shapira;Male;rshapiraci@vimeo.com;917-289-4829;1
452;Kendal;Ackenhead;Male;kackenheadcj@whitehouse.gov;612-730-0614;2
453;Cass;Chmarny;Male;cchmarnyck@cornell.edu;885-967-1041;3
454;Vitoria;Clowney;Bigender;vclowneycl@addtoany.com;911-782-9933;1
455;Zsa zsa;Ganforthe;Female;zganforthecm@ustream.tv;245-111-3560;2
456;Miltie;Hatter;Male;mhattercn@goodreads.com;575-214-7180;3
457;Gena;Heathfield;Female;gheathfieldco@over-blog.com;333-484-7035;1
458;Josias;Leyfield;Male;jleyfieldcp@odnoklassniki.ru;227-278-1431;2
459;Carver;Grzegorzewski;Male;cgrzegorzewskicq@theglobeandmail.com;771-399-9957;3
460;Lisetta;Kubu;Female;lkubucr@jalbum.net;390-787-5210;1
461;Myrtle;Randles;Female;mrandlescs@mapquest.com;782-610-0015;2
462;Marinna;Warhurst;Female;mwarhurstct@ow.ly;164-519-7895;3
463;Dino;Rubberts;Male;drubbertscu@thetimes.co.uk;185-430-4916;1
464;Korie;Postgate;Female;kpostgatecv@cafepress.com;808-666-2806;2
465;Doreen;Vossgen;Female;dvossgencw@ox.ac.uk;547-456-9260;3
466;Vida;Kondrachenko;Female;vkondrachenkocx@bizjournals.com;723-235-4246;1
467;Collen;Roxby;Female;croxbycy@marketwatch.com;693-182-1896;2
468;Lewiss;Minchinton;Male;lminchintoncz@t.co;853-506-9542;3
469;Chrissy;Craigie;Female;ccraigied0@4shared.com;641-278-5483;1
470;Sam;Urquhart;Female;surquhartd1@odnoklassniki.ru;589-121-9192;2
471;Lory;Autry;Female;lautryd2@economist.com;930-540-9452;3
472;Lynna;Hamman;Female;lhammand3@oakley.com;402-946-6186;1
473;Marcelle;Ennion;Female;menniond4@cnbc.com;247-607-4513;2
474;Merl;Coates;Female;mcoatesd5@weebly.com;558-674-7901;3
475;Lamont;Cestard;Male;lcestardd6@reuters.com;132-141-7541;1
476;Harwell;Brecknock;Male;hbrecknockd7@ifeng.com;423-151-1430;2
477;Ailyn;Kirby;Female;akirbyd8@prlog.org;769-408-3546;3
478;Debora;Leel;Female;dleeld9@wufoo.com;576-457-3376;1
479;Mariquilla;Harwick;Female;mharwickda@gov.uk;151-332-7973;2
480;Heidie;Attridge;Female;hattridgedb@mapquest.com;811-186-6129;3
481;Chas;Elsby;Male;celsbydc@vinaora.com;352-626-0629;1
482;Carrissa;Sansome;Female;csansomedd@who.int;987-399-8026;2
483;Joseph;Mc Cahey;Male;jmccaheyde@amazon.de;541-441-3987;3
484;Salomone;Von Welden;Male;svonweldendf@infoseek.co.jp;550-932-7194;1
485;Bailie;Eyer;Male;beyerdg@microsoft.com;254-897-6799;2
486;Arabel;Madgin;Female;amadgindh@pcworld.com;372-820-7798;3
487;Izabel;Griffoen;Female;igriffoendi@uiuc.edu;116-572-5160;1
488;Nora;Trowle;Female;ntrowledj@constantcontact.com;928-310-4681;2
489;Abbye;Giorgi;Female;agiorgidk@noaa.gov;332-791-7090;3
490;Ive;Oaten;Male;ioatendl@who.int;898-267-8093;1
491;Lari;Bleue;Female;lbleuedm@soundcloud.com;776-923-3918;2
492;Farley;Rudsdale;Male;frudsdaledn@youku.com;402-550-1251;3
493;Daniela;Weatherhogg;Female;dweatherhoggdo@businesswire.com;681-571-2138;1
494;Zachary;Peter;Genderfluid;zpeterdp@skyrock.com;889-652-2609;2
495;Rosemonde;Al Hirsi;Female;ralhirsidq@jimdo.com;457-693-3888;3
496;Heida;McComiskie;Female;hmccomiskiedr@smugmug.com;517-627-6738;1
497;Joly;Wong;Female;jwongds@nba.com;593-250-0055;2
498;Ludvig;Humberston;Male;lhumberstondt@clickbank.net;906-602-7016;3
499;Jo ann;Hinksen;Female;jhinksendu@microsoft.com;541-590-9318;1
500;Hoyt;Clothier;Male;hclothierdv@epa.gov;233-603-1472;2
501;Al;Toffaloni;Male;atoffalonidw@bbb.org;805-867-8939;3
502;Luciana;Ferebee;Female;lferebeedx@virginia.edu;284-750-5655;1
503;Noel;Beckingham;Male;nbeckinghamdy@biblegateway.com;572-847-7327;2
504;Jeannine;Hexter;Female;jhexterdz@privacy.gov.au;253-579-0529;3
505;Linoel;Gawne;Male;lgawnee0@sakura.ne.jp;461-116-4187;1
506;Eugine;Tappington;Female;etappingtone1@jiathis.com;602-748-5541;2
507;Aurie;Howorth;Genderqueer;ahoworthe2@unesco.org;754-801-9742;3
508;Caroline;Phipp;Female;cphippe3@guardian.co.uk;423-207-3283;1
509;Kevina;Mibourne;Female;kmibournee4@friendfeed.com;343-432-6231;2
510;Bevan;Matteotti;Male;bmatteottie5@ed.gov;320-455-5408;3
511;Nicoline;Winney;Female;nwinneye6@free.fr;283-373-7237;1
512;Loree;Borrill;Female;lborrille7@nsw.gov.au;539-489-4709;2
513;Herc;Butten;Male;hbuttene8@statcounter.com;500-150-6256;3
514;Tedman;McGahey;Male;tmcgaheye9@soup.io;880-893-1388;1
515;Courtney;Gittus;Female;cgittusea@qq.com;402-427-4906;2
516;Christa;Molden;Female;cmoldeneb@mac.com;694-927-3008;3
517;Arvie;Mortimer;Male;amortimerec@jimdo.com;737-532-4440;1
518;Gallagher;Anthes;Male;ganthesed@buzzfeed.com;145-343-1964;2
519;Ingar;Daykin;Male;idaykinee@google.pl;792-122-9099;3
520;Hali;Woollam;Female;hwoollamef@plala.or.jp;417-173-4246;1
521;Hayes;Huggins;Male;hhugginseg@noaa.gov;617-402-2398;2
522;Alika;Yanshinov;Female;ayanshinoveh@elegantthemes.com;783-633-1540;3
523;Shaina;Starsmeare;Female;sstarsmeareei@utexas.edu;648-348-6748;1
524;Madelina;Delicate;Female;mdelicateej@behance.net;115-987-3492;2
525;Neille;Cromley;Female;ncromleyek@youtube.com;716-406-4084;3
526;Carter;Ragborne;Male;cragborneel@123-reg.co.uk;586-551-5938;1
527;Carlita;Greatex;Female;cgreatexem@usgs.gov;991-326-9040;2
528;Carlin;Huscroft;Female;chuscroften@bluehost.com;336-695-7234;3
529;Katusha;Bambrugh;Female;kbambrugheo@timesonline.co.uk;225-344-0408;1
530;Waverly;Laible;Male;wlaibleep@linkedin.com;220-852-0517;2
531;Hewett;Ferryman;Male;hferrymaneq@bloomberg.com;470-702-6807;3
532;Marion;Peattie;Male;mpeattieer@bloomberg.com;926-559-3571;1
533;Dela;Adamides;Female;dadamideses@patch.com;377-799-5263;2
534;Bridgette;Wittman;Female;bwittmanet@mtv.com;730-542-2443;3
535;Kane;Pumphrey;Male;kpumphreyeu@livejournal.com;684-170-2880;1
536;Tracy;Dodgson;Female;tdodgsonev@ftc.gov;417-361-8259;2
537;Leonelle;De Metz;Female;ldemetzew@sbwire.com;266-712-2168;3
538;Alphonso;Witson;Male;awitsonex@hc360.com;608-256-2737;1
539;Benson;Howford;Male;bhowfordey@g.co;918-116-8646;2
540;Remy;Puckett;Female;rpuckettez@posterous.com;798-907-6918;3
541;Cornelius;Bryan;Male;cbryanf0@cbslocal.com;526-395-5044;1
542;Linn;Alchin;Bigender;lalchinf1@psu.edu;285-339-9378;2
543;Salome;Gethings;Female;sgethingsf2@gov.uk;238-582-7205;3
544;Diana;Shields;Genderqueer;dshieldsf3@infoseek.co.jp;645-264-0036;1
545;Fredi;Weetch;Polygender;fweetchf4@netscape.com;493-855-0649;2
546;Ellis;Wanne;Male;ewannef5@seesaa.net;285-499-0959;3
547;Jaclyn;Labroue;Female;jlabrouef6@mashable.com;762-719-7298;1
548;Talbert;McCahill;Male;tmccahillf7@forbes.com;113-588-9550;2
549;Julita;Maffia;Female;jmaffiaf8@fotki.com;584-181-4408;3
550;Kari;Alldread;Female;kalldreadf9@dion.ne.jp;674-877-5442;1
551;Karen;Smalman;Female;ksmalmanfa@drupal.org;657-183-6501;2
552;Flora;Bunney;Female;fbunneyfb@networksolutions.com;123-162-2771;3
553;Terri;Corthes;Female;tcorthesfc@chicagotribune.com;469-287-4636;1
554;Amalea;Dufour;Female;adufourfd@unblog.fr;882-748-1628;2
555;Natal;Huet;Male;nhuetfe@istockphoto.com;532-367-9231;3
556;Salem;Bridgestock;Male;sbridgestockff@tamu.edu;523-194-0496;1
557;Johanna;Rominov;Female;jrominovfg@webmd.com;800-191-3866;2
558;Lorant;Harkess;Male;lharkessfh@ibm.com;310-218-8409;3
559;Lockwood;Boatman;Male;lboatmanfi@spotify.com;277-557-8292;1
560;Vania;Adlington;Female;vadlingtonfj@indiegogo.com;560-295-1361;2
561;Helga;Hegarty;Female;hhegartyfk@altervista.org;233-455-6145;3
562;Marchall;Giraudel;Male;mgiraudelfl@rediff.com;863-845-9336;1
563;Farrell;Dymock;Male;fdymockfm@example.com;960-466-2470;2
564;Melvyn;Kearn;Male;mkearnfn@bloomberg.com;417-472-6635;3
565;Booth;Durnford;Male;bdurnfordfo@google.com;504-896-1484;1
566;Durand;Harragin;Male;dharraginfp@virginia.edu;249-223-5315;2
567;Walker;Raatz;Male;wraatzfq@webs.com;244-425-0398;3
568;Giovanni;Constable;Male;gconstablefr@icio.us;522-701-6274;1
569;Sheila-kathryn;Spraggs;Polygender;sspraggsfs@cloudflare.com;473-485-1601;2
570;Carlotta;Ferrand;Female;cferrandft@liveinternet.ru;264-836-7790;3
571;Alley;Fernant;Male;afernantfu@godaddy.com;132-905-8886;1
572;Oswald;Seger;Male;osegerfv@gov.uk;932-412-7510;2
573;Alexine;Trahmel;Polygender;atrahmelfw@archive.org;797-846-7031;3
574;Siobhan;Catonnet;Female;scatonnetfx@unesco.org;474-987-2894;1
575;Laurent;Merwe;Male;lmerwefy@elegantthemes.com;879-535-6452;2
576;Flore;Targetter;Female;ftargetterfz@xinhuanet.com;417-135-2966;3
577;Tripp;Charteris;Male;tcharterisg0@miibeian.gov.cn;284-896-1136;1
578;Didi;Springate;Female;dspringateg1@plala.or.jp;341-699-9216;2
579;Arlana;Priestner;Female;apriestnerg2@uol.com.br;506-453-9486;3
580;Felice;Hutchcraft;Female;fhutchcraftg3@nyu.edu;864-816-8579;1
581;Madlin;Chadwick;Female;mchadwickg4@paginegialle.it;653-519-6741;2
582;Casie;Gadsby;Female;cgadsbyg5@rakuten.co.jp;592-724-1113;3
583;Gage;Thornbarrow;Male;gthornbarrowg6@hibu.com;704-677-6066;1
584;Saxe;Drysdell;Male;sdrysdellg7@springer.com;439-583-2099;2
585;Walt;Matczak;Genderfluid;wmatczakg8@list-manage.com;389-975-0901;3
586;Sue;Sunners;Female;ssunnersg9@microsoft.com;742-722-9098;1
587;Gwynne;Berget;Female;gbergetga@pinterest.com;425-261-5824;2
588;Novelia;Bilsford;Female;nbilsfordgb@yale.edu;507-316-0864;3
589;Finlay;Carlsson;Male;fcarlssongc@mozilla.com;569-797-6834;1
590;Klarrisa;Chainey;Female;kchaineygd@privacy.gov.au;830-122-3453;2
591;Joaquin;Stetlye;Male;jstetlyege@timesonline.co.uk;485-356-4101;3
592;Rodolphe;Mayow;Male;rmayowgf@naver.com;677-130-8712;1
593;Gwennie;Caldera;Female;gcalderagg@tinypic.com;834-863-7393;2
594;Maryanne;Scinelli;Female;mscinelligh@merriam-webster.com;352-767-9565;3
595;Tobe;Binding;Female;tbindinggi@europa.eu;786-284-1975;1
596;Jesse;Langfat;Female;jlangfatgj@yale.edu;761-859-7887;2
597;Brewster;Penhalurick;Male;bpenhalurickgk@abc.net.au;842-136-3725;3
598;Carter;Wharmby;Male;cwharmbygl@fc2.com;185-655-0344;1
599;Beniamino;Tice;Male;bticegm@cbsnews.com;154-372-8161;2
600;Currie;Mottershaw;Male;cmottershawgn@e-recht24.de;737-505-6326;3
601;Hube;Pistol;Genderqueer;hpistolgo@shop-pro.jp;511-245-7059;1
602;Paulo;Banford;Bigender;pbanfordgp@paypal.com;102-209-3091;2
603;Drucy;Colbertson;Female;dcolbertsongq@apple.com;689-399-5725;3
604;Arda;Vern;Female;averngr@ihg.com;291-441-3295;1
605;Amelie;Bettis;Female;abettisgs@tinypic.com;970-653-4692;2
606;Opalina;Dahle;Female;odahlegt@ning.com;994-777-2276;3
607;Elladine;Sapwell;Female;esapwellgu@buzzfeed.com;986-554-7096;1
608;Fern;Hegges;Female;fheggesgv@ehow.com;777-202-5757;2
609;Austen;Ginnaly;Male;aginnalygw@vkontakte.ru;276-298-5299;3
610;Codee;Crevagh;Female;ccrevaghgx@princeton.edu;653-673-8218;1
611;Vivie;Errett;Female;verrettgy@istockphoto.com;181-715-3223;2
612;Dunn;Norquoy;Male;dnorquoygz@t.co;784-497-9808;3
613;Perren;Moorfield;Male;pmoorfieldh0@feedburner.com;334-413-4988;1
614;Eward;Popplestone;Bigender;epopplestoneh1@youtube.com;904-458-0848;2
615;Blythe;Jockle;Female;bjockleh2@slate.com;241-574-0605;3
616;Aguistin;Giron;Male;agironh3@house.gov;104-178-7142;1
617;Chastity;McKevany;Female;cmckevanyh4@ameblo.jp;123-974-1636;2
618;Bertina;Beels;Female;bbeelsh5@yellowpages.com;854-701-2542;3
619;Cyrille;Murton;Male;cmurtonh6@macromedia.com;122-455-3910;1
620;Helge;Strand;Female;hstrandh7@wisc.edu;358-439-5205;2
621;Danni;Humfrey;Female;dhumfreyh8@meetup.com;335-372-9937;3
622;Inesita;Worboy;Female;iworboyh9@prlog.org;654-296-1834;1
623;Alfonso;Pren;Male;aprenha@zdnet.com;638-712-4779;2
624;Rhianon;Ferie;Female;rferiehb@histats.com;178-381-3783;3
625;Emalee;Rannald;Female;erannaldhc@edublogs.org;275-922-2998;1
626;Karita;Douris;Genderfluid;kdourishd@guardian.co.uk;398-175-7613;2
627;Tatum;Le Brum;Female;tlebrumhe@europa.eu;864-949-4664;3
628;Val;Houdhury;Female;vhoudhuryhf@mozilla.com;611-260-9615;1
629;Brenna;Levinge;Female;blevingehg@netlog.com;626-317-6648;2
630;Marven;Klampt;Male;mklampthh@cyberchimps.com;693-259-5495;3
631;Darrel;Dawid;Male;ddawidhi@twitter.com;553-365-4800;1
632;Lee;Hadingham;Female;lhadinghamhj@ifeng.com;193-440-0055;2
633;Ramon;O'Hagerty;Male;rohagertyhk@statcounter.com;625-795-8512;3
634;Austine;Ianno;Female;aiannohl@sourceforge.net;542-134-5616;1
635;Angy;Zima;Female;azimahm@gravatar.com;166-937-5305;2
636;Wolfgang;Kilminster;Male;wkilminsterhn@domainmarket.com;166-432-6072;3
637;Franchot;O'Lochan;Male;folochanho@netvibes.com;954-700-6694;1
638;Lydie;Scholl;Female;lschollhp@paginegialle.it;655-121-7214;2
639;Walliw;Manolov;Female;wmanolovhq@businessweek.com;325-355-0151;3
640;Cyril;Tiltman;Male;ctiltmanhr@chronoengine.com;722-557-1683;1
641;Claresta;Summerbell;Female;csummerbellhs@accuweather.com;675-434-6641;2
642;Amandi;Dodwell;Female;adodwellht@wiley.com;186-762-0513;3
643;Gerrie;Bastick;Genderqueer;gbastickhu@amazon.co.jp;366-376-7347;1
644;Hammad;Toomey;Male;htoomeyhv@hexun.com;810-959-1452;2
645;Antonetta;Bagger;Female;abaggerhw@redcross.org;267-574-0595;3
646;Keene;Eddisforth;Male;keddisforthhx@thetimes.co.uk;959-209-6195;1
647;Eleanora;Brigdale;Female;ebrigdalehy@hatena.ne.jp;426-278-5081;2
648;Allys;Mawne;Genderfluid;amawnehz@ifeng.com;214-545-4259;3
649;Abbot;Endecott;Male;aendecotti0@wunderground.com;283-836-1376;1
650;Garey;Sandom;Male;gsandomi1@imgur.com;332-113-7591;2
651;Dela;Illingworth;Female;dillingworthi2@si.edu;685-927-6015;3
652;Nanette;Robilart;Female;nrobilarti3@xing.com;480-370-0416;1
653;Ernestine;Westhofer;Female;ewesthoferi4@archive.org;596-261-5857;2
654;Dixie;Pischoff;Female;dpischoffi5@wikimedia.org;326-811-7315;3
655;Gracie;Domenc;Female;gdomenci6@paginegialle.it;167-328-9169;1
656;Miguel;Beevor;Male;mbeevori7@theguardian.com;444-786-2585;2
657;Joella;Devinn;Female;jdevinni8@skype.com;928-699-8877;3
658;Cordie;McKennan;Female;cmckennani9@webnode.com;336-884-5014;1
659;Tann;Penticost;Male;tpenticostia@bloomberg.com;373-146-4257;2
660;Cari;Renouf;Female;crenoufib@senate.gov;870-376-7339;3
661;Mano;Benedikt;Male;mbenediktic@oracle.com;234-725-2399;1
662;Taite;Orton;Male;tortonid@123-reg.co.uk;404-930-8916;2
663;Kelcey;Kelley;Female;kkelleyie@prweb.com;904-413-2271;3
664;Trudey;Costen;Female;tcostenif@tamu.edu;588-972-3961;1
665;Garey;Peers;Male;gpeersig@toplist.cz;978-694-9988;2
666;Ximenez;Heims;Male;xheimsih@paginegialle.it;256-395-4602;3
667;Merell;Hanbury;Genderfluid;mhanburyii@1und1.de;644-109-0489;1
668;Merle;Whimp;Female;mwhimpij@vkontakte.ru;673-878-3539;2
669;Zandra;Rodge;Bigender;zrodgeik@wikipedia.org;628-736-1186;3
670;Avrit;Stuehmeier;Female;astuehmeieril@google.nl;788-125-7500;1
671;Friedrich;Donn;Male;fdonnim@google.ca;767-445-3788;2
672;Joyce;Dahle;Female;jdahlein@illinois.edu;455-356-8775;3
673;Miller;Gladdis;Male;mgladdisio@ebay.co.uk;464-619-8599;1
674;Torre;Chesworth;Male;tchesworthip@domainmarket.com;331-584-0293;2
675;Julianne;Miebes;Female;jmiebesiq@dailymotion.com;867-483-8144;3
676;Lark;Grimoldby;Female;lgrimoldbyir@dot.gov;264-167-5662;1
677;Freemon;Stiles;Male;fstilesis@nymag.com;659-251-5911;2
678;Elsey;Hamelyn;Female;ehamelynit@newyorker.com;904-946-2292;3
679;Dulsea;Gannaway;Female;dgannawayiu@homestead.com;579-542-0511;1
680;Hedy;Matussevich;Female;hmatussevichiv@51.la;265-545-8930;2
681;Dalli;Ameer-Beg;Male;dameerbegiw@meetup.com;545-263-9423;3
682;Jeanna;Alfonzo;Female;jalfonzoix@statcounter.com;509-175-5788;1
683;Carina;Simek;Female;csimekiy@columbia.edu;792-670-9070;2
684;Hailee;Ollive;Female;holliveiz@comcast.net;357-662-6861;3
685;Goldia;McGillicuddy;Female;gmcgillicuddyj0@opensource.org;146-790-9016;1
686;Rhett;Faccini;Male;rfaccinij1@vinaora.com;790-116-3200;2
687;Tynan;Marfe;Male;tmarfej2@cafepress.com;120-987-6731;3
688;Rosemarie;Brooksbie;Female;rbrooksbiej3@booking.com;904-484-8310;1
689;Osbourn;Killshaw;Male;okillshawj4@mapquest.com;995-507-1761;2
690;Hayley;Farman;Female;hfarmanj5@qq.com;814-954-8416;3
691;Yovonnda;Maulden;Female;ymauldenj6@opensource.org;284-691-8111;1
692;Dukey;Pimley;Male;dpimleyj7@arizona.edu;223-280-7882;2
693;Gardner;MacDermot;Male;gmacdermotj8@linkedin.com;676-461-6549;3
694;Rozalie;Eddicott;Female;reddicottj9@prlog.org;595-179-7155;1
695;Clerkclaude;Sainte Paul;Genderqueer;csaintepaulja@php.net;426-174-9147;2
696;Ketty;Brookshaw;Female;kbrookshawjb@ebay.co.uk;493-864-4088;3
697;Uriel;Puttock;Bigender;uputtockjc@paypal.com;845-274-7467;1
698;Abbie;Doogue;Male;adooguejd@amazonaws.com;397-195-5459;2
699;Dilan;Bickardike;Male;dbickardikeje@quantcast.com;623-275-6532;3
700;Nikos;Edinboro;Male;nedinborojf@msu.edu;744-379-7980;1
701;Stefano;Snarr;Male;ssnarrjg@yahoo.co.jp;542-358-8340;2
702;Anastasia;Giffkins;Female;agiffkinsjh@shinystat.com;805-310-3073;3
703;Alonso;Fossitt;Male;afossittji@rambler.ru;261-989-2196;1
704;Jeno;De Mico;Male;jdemicojj@google.co.uk;652-543-2535;2
705;Sonny;Spridgen;Female;sspridgenjk@devhub.com;607-717-2556;3
706;Tommy;Barnshaw;Genderfluid;tbarnshawjl@samsung.com;189-428-6002;1
707;Lisa;Bathowe;Female;lbathowejm@blogspot.com;919-819-7727;2
708;Ivette;Heartfield;Bigender;iheartfieldjn@utexas.edu;840-900-7992;3
709;Hynda;Theuss;Female;htheussjo@webeden.co.uk;235-122-0824;1
710;Lay;Kahler;Male;lkahlerjp@aboutads.info;446-720-7311;2
711;Florence;Zoren;Female;fzorenjq@utexas.edu;967-185-0939;3
712;Ingaborg;Slyford;Female;islyfordjr@sbwire.com;529-712-4838;1
713;Natalina;Barby;Female;nbarbyjs@census.gov;346-354-9659;2
714;Felice;Keymer;Male;fkeymerjt@ifeng.com;498-438-1116;3
715;Quintana;Kittle;Female;qkittleju@phpbb.com;374-236-8372;1
716;Irwinn;Coverdale;Male;icoverdalejv@hao123.com;547-837-2169;2
717;Odelle;McKue;Female;omckuejw@ibm.com;634-313-2208;3
718;Fidole;Kettlestring;Male;fkettlestringjx@wikia.com;929-494-8444;1
719;Ewart;Gianetti;Male;egianettijy@dot.gov;999-188-5610;2
720;Mohandas;Harner;Male;mharnerjz@wikispaces.com;980-484-1701;3
721;Jan;Dwane;Male;jdwanek0@telegraph.co.uk;791-289-7679;1
722;Shara;Keepe;Female;skeepek1@infoseek.co.jp;936-577-7309;2
723;De witt;Finlry;Male;dfinlryk2@ihg.com;617-867-2430;3
724;Malchy;Di Biagio;Male;mdibiagiok3@wikispaces.com;689-997-7947;1
725;Rene;Whitnell;Female;rwhitnellk4@si.edu;314-351-5079;2
726;Otha;Highman;Female;ohighmank5@google.nl;510-499-1662;3
727;Lanie;Alekhov;Female;lalekhovk6@eepurl.com;859-205-6593;1
728;Nickolaus;Robbert;Male;nrobbertk7@mtv.com;520-512-1937;2
729;Jamil;Miguet;Bigender;jmiguetk8@ihg.com;661-901-6766;3
730;Michel;McMichan;Male;mmcmichank9@paginegialle.it;485-814-0954;1
731;Alysa;Theis;Female;atheiska@instagram.com;821-283-3441;2
732;Angelica;Cressey;Female;acresseykb@baidu.com;797-385-6038;3
733;Gracie;Perford;Female;gperfordkc@prnewswire.com;425-701-9107;1
734;Ursulina;Bole;Female;ubolekd@globo.com;551-258-4580;2
735;Giacinta;Harwell;Female;gharwellke@hexun.com;690-995-3509;3
736;Rheta;Bowne;Bigender;rbownekf@cornell.edu;824-948-6581;1
737;Ephraim;Doley;Male;edoleykg@hud.gov;816-793-4061;2
738;Inna;Sudddard;Bigender;isudddardkh@rambler.ru;510-337-8459;3
739;Hilary;Nunan;Male;hnunanki@geocities.jp;390-252-6486;1
740;Etta;Bratch;Female;ebratchkj@nba.com;993-616-5925;2
741;Alexandro;Brannan;Male;abrannankk@latimes.com;988-767-4651;3
742;Brucie;Bredbury;Male;bbredburykl@ibm.com;750-631-1120;1
743;Mab;Guidelli;Female;mguidellikm@naver.com;628-698-1667;2
744;Conan;Wooddisse;Male;cwooddissekn@sun.com;525-881-3701;3
745;Hyacinthia;Tessington;Female;htessingtonko@nasa.gov;676-542-9818;1
746;Greer;Gergus;Female;ggerguskp@va.gov;514-621-5365;2
747;Ozzie;Masters;Male;omasterskq@google.co.jp;779-622-9567;3
748;Bethina;Tennock;Female;btennockkr@mozilla.com;543-588-3878;1
749;Rozalie;Jorissen;Female;rjorissenks@ucoz.ru;278-607-8987;2
750;Abbey;Shewsmith;Male;ashewsmithkt@dedecms.com;485-863-4694;3
751;Hamel;Duffill;Male;hduffillku@1688.com;711-503-6859;1
752;Libby;Dalgliesh;Female;ldalglieshkv@huffingtonpost.com;336-826-3050;2
753;Drusy;Williment;Female;dwillimentkw@opera.com;201-787-1967;3
754;Stevy;Fullalove;Male;sfullalovekx@so-net.ne.jp;419-735-0203;1
755;Curran;Adolthine;Male;cadolthineky@nbcnews.com;227-458-4037;2
756;Alexis;Spragge;Male;aspraggekz@hugedomains.com;225-649-2294;3
757;Luciano;Vignal;Non-binary;lvignall0@dagondesign.com;680-881-1824;1
758;Gino;Knifton;Male;gkniftonl1@nationalgeographic.com;952-273-6366;2
759;Rudolph;MacNulty;Male;rmacnultyl2@google.com.hk;247-420-2657;3
760;Lucille;Rogan;Female;lroganl3@myspace.com;424-816-3989;1
761;Allissa;Hardesty;Female;ahardestyl4@bigcartel.com;415-500-1002;2
762;Rycca;Firmin;Bigender;rfirminl5@desdev.cn;255-915-5318;3
763;Marlyn;Lavrinov;Female;mlavrinovl6@fema.gov;987-689-9702;1
764;Catlaina;Desforges;Female;cdesforgesl7@mashable.com;126-631-7835;2
765;Barbara-anne;Boutcher;Genderqueer;bboutcherl8@etsy.com;999-596-5282;3
766;Loretta;Daughtrey;Female;ldaughtreyl9@blog.com;683-979-0888;1
767;Alanah;Bonus;Female;abonusla@weibo.com;613-218-5442;2
768;Tomi;Sturgeon;Polygender;tsturgeonlb@soundcloud.com;655-149-5781;3
769;Lydon;Nelius;Male;lneliuslc@independent.co.uk;712-898-0578;1
770;Agneta;Scrowston;Genderqueer;ascrowstonld@homestead.com;848-178-1068;2
771;Hermie;Nowill;Male;hnowillle@microsoft.com;656-265-4536;3
772;Gannie;Hullock;Male;ghullocklf@home.pl;621-355-5886;1
773;Sada;Bell;Female;sbelllg@usnews.com;557-333-2256;2
774;Abel;O'Lyhane;Male;aolyhanelh@yale.edu;781-941-8093;3
775;Josy;Annandale;Female;jannandaleli@feedburner.com;612-675-4304;1
776;Kaela;Trewman;Female;ktrewmanlj@alexa.com;274-884-3173;2
777;Milty;Stillert;Male;mstillertlk@mysql.com;310-664-8102;3
778;Valeria;Byre;Female;vbyrell@nps.gov;443-375-1850;1
779;Martino;Lembke;Male;mlembkelm@usnews.com;135-167-1749;2
780;Ade;Haygreen;Male;ahaygreenln@netlog.com;454-393-4484;3
781;Connor;Whotton;Male;cwhottonlo@harvard.edu;719-407-4590;1
782;Jorgan;Spread;Male;jspreadlp@nps.gov;231-179-9858;2
783;Ania;Bygrove;Female;abygrovelq@vimeo.com;408-675-1369;3
784;Lebbie;Proppers;Female;lpropperslr@google.pl;551-377-8799;1
785;Nickolaus;Shields;Male;nshieldsls@usa.gov;105-678-2629;2
786;Ber;Ferrillo;Male;bferrillolt@ask.com;389-252-0068;3
787;Bridget;Duddin;Female;bduddinlu@ebay.com;114-902-1344;1
788;Bernita;Bridat;Female;bbridatlv@examiner.com;658-472-7124;2
789;Karlik;Dursley;Male;kdursleylw@canalblog.com;449-147-9753;3
790;Kai;Mc Elory;Female;kmcelorylx@oaic.gov.au;537-181-9642;1
791;Gena;Mouth;Female;gmouthly@sourceforge.net;713-783-2205;2
792;Juliette;Heffy;Female;jheffylz@hao123.com;292-460-5008;3
793;Kissiah;Barnby;Female;kbarnbym0@weebly.com;693-444-1790;1
794;Wiatt;Ivasechko;Male;wivasechkom1@g.co;889-748-7018;2
795;Lydie;Instock;Female;linstockm2@gmpg.org;327-770-1053;3
796;Chloris;Slowan;Female;cslowanm3@jigsy.com;918-974-6900;1
797;Alexandro;Stacy;Male;astacym4@mapy.cz;856-411-4301;2
798;Matteo;Stroban;Male;mstrobanm5@reddit.com;267-470-7755;3
799;Loria;Furminger;Female;lfurmingerm6@uol.com.br;792-530-6082;1
800;Sally;Storcke;Female;sstorckem7@so-net.ne.jp;596-538-1869;2
801;Murvyn;Quadri;Male;mquadrim8@mail.ru;954-295-1856;3
802;Liam;Baynes;Male;lbaynesm9@nbcnews.com;196-497-4518;1
803;Orland;Tuite;Male;otuitema@netscape.com;385-242-9551;2
804;Lester;Wilce;Male;lwilcemb@fda.gov;405-222-6326;3
805;Patsy;Hanmer;Male;phanmermc@netscape.com;624-382-8330;1
806;Hogan;Breed;Male;hbreedmd@imageshack.us;907-696-4025;2
807;Eugen;Dunsmore;Male;edunsmoreme@issuu.com;740-479-8930;3
808;Joann;Shergill;Female;jshergillmf@miibeian.gov.cn;633-993-4000;1
809;Ford;Mathias;Male;fmathiasmg@ted.com;543-734-8358;2
810;Esra;Besson;Male;ebessonmh@example.com;737-860-7996;3
811;Zelda;Shakeshaft;Female;zshakeshaftmi@bbb.org;972-998-0664;1
812;Katti;Nellen;Female;knellenmj@discuz.net;524-395-0142;2
813;Nicolea;Canto;Female;ncantomk@php.net;705-391-1478;3
814;Cyndy;Hansie;Female;chansieml@yelp.com;297-336-6892;1
815;Ximenez;Croisdall;Male;xcroisdallmm@themeforest.net;820-338-2206;2
816;Kristian;Redgrove;Male;kredgrovemn@51.la;800-121-3988;3
817;Zilvia;Vance;Female;zvancemo@elegantthemes.com;815-393-9996;1
818;Gunther;Normant;Male;gnormantmp@uiuc.edu;745-212-5658;2
819;Pedro;Bisp;Male;pbispmq@360.cn;508-179-6988;3
820;Alexi;Preece;Female;apreecemr@homestead.com;876-828-7323;1
821;Jamill;Stryde;Male;jstrydems@slideshare.net;984-127-6081;2
822;Colleen;Conquer;Female;cconquermt@blogtalkradio.com;144-870-6487;3
823;Aharon;Titcombe;Male;atitcombemu@xing.com;196-817-8911;1
824;Linet;Jendrich;Female;ljendrichmv@hhs.gov;356-119-1727;2
825;Britta;Coffey;Female;bcoffeymw@amazon.co.jp;264-580-2547;3
826;Florian;Matteau;Male;fmatteaumx@cyberchimps.com;352-888-9612;1
827;Matthus;Enoch;Male;menochmy@sphinn.com;391-291-0539;2
828;Von;Wrout;Male;vwroutmz@time.com;791-807-8970;3
829;Cosme;Warmisham;Male;cwarmishamn0@weibo.com;885-717-8101;1
830;Nettle;Thyer;Female;nthyern1@mac.com;734-725-1857;2
831;Mable;Levick;Genderfluid;mlevickn2@blogtalkradio.com;757-328-4547;3
832;Anthiathia;Sanders;Female;asandersn3@cdc.gov;261-924-3419;1
833;Derward;Lampitt;Male;dlampittn4@gnu.org;943-527-6475;2
834;Nikolia;Ecles;Female;neclesn5@globo.com;392-880-1927;3
835;Andrea;Hillborne;Female;ahillbornen6@eventbrite.com;318-524-8537;1
836;Jesse;Symms;Male;jsymmsn7@wired.com;919-327-5713;2
837;Farrel;Vass;Male;fvassn8@independent.co.uk;261-738-5768;3
838;Sara;Kneel;Female;skneeln9@cisco.com;524-554-4934;1
839;Freemon;Samper;Male;fsamperna@imgur.com;681-116-9710;2
840;Welbie;Labet;Male;wlabetnb@unblog.fr;773-325-1182;3
841;Cthrine;D'Almeida;Female;cdalmeidanc@fastcompany.com;196-535-5047;1
842;Gannon;Demke;Male;gdemkend@hostgator.com;806-516-6553;2
843;Mozelle;Dodridge;Female;mdodridgene@omniture.com;756-609-3747;3
844;Janith;Cousens;Female;jcousensnf@europa.eu;729-728-9731;1
845;Saunder;Eskriett;Male;seskriettng@mashable.com;146-747-8515;2
846;Allene;Bedboro;Female;abedboronh@hao123.com;888-101-3644;3
847;Ethelyn;Belsey;Bigender;ebelseyni@geocities.com;452-643-9329;1
848;Lee;Hoffmann;Female;lhoffmannnj@shareasale.com;262-567-7795;2
849;Marthe;Wasteney;Female;mwasteneynk@nsw.gov.au;295-997-3701;3
850;Lindsey;Rubinowitch;Female;lrubinowitchnl@oaic.gov.au;982-224-8139;1
851;Brigg;Pancast;Male;bpancastnm@list-manage.com;491-279-3791;2
852;Eyde;Rowlstone;Female;erowlstonenn@aol.com;686-999-4255;3
853;Gratia;Nealon;Female;gnealonno@shop-pro.jp;344-155-1860;1
854;Linnie;Frays;Female;lfraysnp@ifeng.com;709-366-4289;2
855;Bear;Oak;Male;boaknq@google.com.hk;528-444-2033;3
856;Tull;Bytheway;Male;tbythewaynr@smh.com.au;116-754-3705;1
857;Antonio;Marunchak;Male;amarunchakns@google.de;806-972-5149;2
858;Marline;Burgot;Female;mburgotnt@wp.com;535-525-9007;3
859;Valentine;Chantler;Male;vchantlernu@free.fr;672-811-0477;1
860;Delora;Forbes;Bigender;dforbesnv@hao123.com;142-547-9828;2
861;Averill;Kaliszewski;Male;akaliszewskinw@hugedomains.com;791-764-6478;3
862;Krishnah;Gonin;Male;kgoninnx@google.ru;924-744-5727;1
863;Feodor;Abramow;Male;fabramowny@accuweather.com;908-819-3534;2
864;Bobby;Skala;Female;bskalanz@bbc.co.uk;512-748-4226;3
865;Radcliffe;Geratasch;Male;rgeratascho0@github.io;560-351-2355;1
866;Marylynne;Clineck;Female;mclinecko1@clickbank.net;979-228-3588;2
867;Rutherford;Barreau;Male;rbarreauo2@wp.com;482-804-8139;3
868;Dud;Gertray;Male;dgertrayo3@163.com;202-198-2430;1
869;Shem;Harefoot;Male;sharefooto4@hp.com;884-758-8258;2
870;Lon;Stockton;Male;lstocktono5@google.fr;272-118-9288;3
871;Lonnie;Mahomet;Male;lmahometo6@state.tx.us;125-738-8657;1
872;Reginauld;Blaby;Male;rblabyo7@miitbeian.gov.cn;663-688-5236;2
873;Orlando;Rasor;Male;orasoro8@icq.com;278-259-7405;3
874;Trace;Knolles-Green;Male;tknollesgreeno9@google.co.uk;165-987-4691;1
875;Burty;Elwyn;Male;belwynoa@noaa.gov;775-153-6351;2
876;Maribeth;Gambles;Female;mgamblesob@devhub.com;714-736-0524;3
877;Oby;Lissandrini;Male;olissandrinioc@goo.gl;196-975-2255;1
878;Carilyn;Duggon;Female;cduggonod@geocities.jp;485-587-0488;2
879;Berthe;Groundwator;Genderfluid;bgroundwatoroe@hexun.com;764-921-2899;3
880;Lorena;Paik;Female;lpaikof@china.com.cn;751-419-6949;1
881;Caesar;Lineen;Male;clineenog@economist.com;252-802-5018;2
882;Bernadene;Bessant;Female;bbessantoh@ovh.net;748-739-8508;3
883;Laughton;Caston;Male;lcastonoi@example.com;600-488-2934;1
884;Emlyn;Du Fray;Male;edufrayoj@loc.gov;458-540-2276;2
885;Kimbell;Napoli;Agender;knapoliok@mtv.com;835-988-1794;3
886;Margarete;Muris;Female;mmurisol@moonfruit.com;234-517-4542;1
887;Ric;See;Male;rseeom@nsw.gov.au;127-603-8550;2
888;Nicoline;Frowde;Female;nfrowdeon@yahoo.co.jp;119-426-8461;3
889;Rennie;Cubbit;Female;rcubbitoo@shop-pro.jp;593-467-4627;1
890;Kurt;Byrde;Male;kbyrdeop@webnode.com;156-766-0823;2
891;Chlo;Golagley;Female;cgolagleyoq@who.int;235-418-1187;3
892;Isabelita;Sargint;Female;isargintor@bravesites.com;501-499-5598;1
893;Moise;Murkin;Male;mmurkinos@sohu.com;340-900-8366;2
894;Alyce;Philpotts;Female;aphilpottsot@google.com.br;534-226-9843;3
895;Dorie;Brosetti;Female;dbrosettiou@quantcast.com;659-191-6171;1
896;Valentine;Awcoate;Male;vawcoateov@cbc.ca;839-797-7447;2
897;Frederica;Cossell;Non-binary;fcossellow@purevolume.com;988-336-9774;3
898;Yank;Skuce;Male;yskuceox@goo.ne.jp;550-965-7298;1
899;Kearney;Suttling;Male;ksuttlingoy@constantcontact.com;892-972-4615;2
900;Amalita;Knoles;Female;aknolesoz@cdbaby.com;201-221-3545;3
901;Uri;Matussow;Male;umatussowp0@live.com;293-462-1980;1
902;Vick;Matyashev;Male;vmatyashevp1@geocities.com;526-311-6792;2
903;Luce;Cholwell;Male;lcholwellp2@topsy.com;225-493-7793;3
904;Layney;Mardoll;Female;lmardollp3@admin.ch;587-846-8920;1
905;Benjie;Joost;Male;bjoostp4@wikispaces.com;747-488-3503;2
906;Neille;Wordesworth;Female;nwordesworthp5@dagondesign.com;539-240-0223;3
907;Christine;Affron;Female;caffronp6@friendfeed.com;307-663-9133;1
908;Daphne;Dallicoat;Female;ddallicoatp7@hostgator.com;720-541-7412;2
909;Bar;Kesper;Male;bkesperp8@sohu.com;619-733-4957;3
910;Sampson;Wrinch;Male;swrinchp9@hexun.com;484-740-3325;1
911;Keri;Labbett;Female;klabbettpa@blogger.com;235-237-8121;2
912;Bev;Baddoe;Female;bbaddoepb@slate.com;178-789-0426;3
913;Oates;Luetkemeyers;Male;oluetkemeyerspc@360.cn;954-935-4775;1
914;Swen;Lander;Agender;slanderpd@oakley.com;601-106-0484;2
915;Mandi;Hirth;Female;mhirthpe@elegantthemes.com;159-812-2548;3
916;Bryn;MacTrustam;Male;bmactrustampf@yellowpages.com;191-727-0053;1
917;Terese;Shave;Female;tshavepg@dedecms.com;531-925-6864;2
918;Brunhilda;Eringey;Female;beringeyph@shutterfly.com;588-323-4871;3
919;Lynnell;Vereker;Female;lverekerpi@patch.com;286-634-2214;1
920;Keven;Shilliday;Bigender;kshillidaypj@army.mil;674-995-3224;2
921;Cesar;Noad;Male;cnoadpk@dailymail.co.uk;682-906-6790;3
922;Franciska;Jowett;Female;fjowettpl@reddit.com;493-915-9666;1
923;Robinet;Petchey;Male;rpetcheypm@reference.com;588-318-8303;2
924;Lamont;Winkell;Male;lwinkellpn@google.fr;735-425-2939;3
925;Guglielmo;Mertin;Male;gmertinpo@acquirethisname.com;859-373-8069;1
926;Errol;Blodgetts;Male;eblodgettspp@hostgator.com;620-186-1575;2
927;Osborn;Pitson;Male;opitsonpq@youtu.be;465-280-3662;3
928;Rockie;Wingeatt;Genderqueer;rwingeattpr@wsj.com;872-112-1672;1
929;Renard;Yegorov;Male;ryegorovps@illinois.edu;446-404-9680;2
930;Annabelle;Palin;Female;apalinpt@naver.com;283-338-3138;3
931;Kassia;Abrehart;Female;kabrehartpu@php.net;973-298-0767;1
932;Loni;Dumbreck;Female;ldumbreckpv@google.nl;258-495-5524;2
933;Andie;Sabine;Female;asabinepw@cornell.edu;908-455-7032;3
934;Ole;Voss;Male;ovosspx@ucla.edu;933-339-3665;1
935;Jaquelin;Henriques;Female;jhenriquespy@amazon.de;819-338-9839;2
936;Felice;Zanetti;Male;fzanettipz@ovh.net;459-444-1319;3
937;Katie;Allberry;Female;kallberryq0@nationalgeographic.com;139-785-4069;1
938;Domeniga;Darrel;Female;ddarrelq1@senate.gov;914-329-2448;2
939;Suzi;Lyne;Polygender;slyneq2@squidoo.com;682-507-0965;3
940;Wynn;Joska;Female;wjoskaq3@squidoo.com;907-894-7372;1
941;Grantham;Haggish;Male;ghaggishq4@reference.com;284-118-0604;2
942;Ema;Yakolev;Female;eyakolevq5@webeden.co.uk;637-624-4316;3
943;Vin;Simonitto;Female;vsimonittoq6@dmoz.org;360-869-6819;1
944;Vlad;Tithecote;Male;vtithecoteq7@reddit.com;552-611-2046;2
945;Davis;Capineer;Male;dcapineerq8@seesaa.net;298-662-0671;3
946;Myra;Abrahamovitz;Female;mabrahamovitzq9@reference.com;226-335-4395;1
947;Layla;Beaston;Female;lbeastonqa@bloomberg.com;745-366-9904;2
948;Roseann;Robley;Female;rrobleyqb@soup.io;658-678-9662;3
949;Lucias;Schrir;Male;lschrirqc@surveymonkey.com;726-623-3970;1
950;Lawton;Coakley;Male;lcoakleyqd@netvibes.com;296-186-5295;2
951;Finlay;Sainteau;Male;fsainteauqe@soundcloud.com;105-223-5484;3
952;Iago;Parminter;Male;iparminterqf@mayoclinic.com;860-123-4779;1
953;Morse;Collihole;Male;mcolliholeqg@nps.gov;777-444-6553;2
954;Augusto;Wassell;Male;awassellqh@yahoo.com;250-356-2794;3
955;Sara;Magrane;Female;smagraneqi@constantcontact.com;637-850-9574;1
956;Ambros;O'Haire;Male;aohaireqj@dagondesign.com;772-233-4608;2
957;Logan;Arpe;Agender;larpeqk@nbcnews.com;584-860-5089;3
958;Benji;Savell;Male;bsavellql@discuz.net;641-988-5878;1
959;Urban;Gilkison;Male;ugilkisonqm@baidu.com;657-302-4677;2
960;Tabor;Twelvetree;Male;ttwelvetreeqn@ebay.co.uk;958-209-2544;3
961;Leonardo;Farahar;Male;lfaraharqo@fema.gov;277-177-6786;1
962;Lelah;Halksworth;Genderfluid;lhalksworthqp@stumbleupon.com;759-132-8051;2
963;Thibaut;Pagram;Male;tpagramqq@cargocollective.com;683-626-7882;3
964;Albertine;Stather;Female;astatherqr@psu.edu;940-437-7284;1
965;Melessa;Bouldstridge;Female;mbouldstridgeqs@prweb.com;609-842-3890;2
966;Neville;Twentyman;Male;ntwentymanqt@slashdot.org;825-315-6762;3
967;Esteban;Reede;Male;ereedequ@ihg.com;391-906-0347;1
968;Hedwig;Labba;Female;hlabbaqv@topsy.com;994-106-0814;2
969;Antonius;Lemonnier;Male;alemonnierqw@google.com;922-456-8634;3
970;Florenza;Franceschielli;Non-binary;ffranceschielliqx@admin.ch;115-592-3127;1
971;Annadiane;Rawlison;Female;arawlisonqy@vk.com;794-777-3279;2
972;Maureene;Battlestone;Female;mbattlestoneqz@myspace.com;405-983-3892;3
973;Tadeas;Weddell;Male;tweddellr0@meetup.com;655-289-7178;1
974;Marie-jeanne;Blacktin;Female;mblacktinr1@surveymonkey.com;718-324-6404;2
975;Giovanna;Wakeford;Agender;gwakefordr2@blinklist.com;505-805-4687;3
976;Abbey;Schowenburg;Male;aschowenburgr3@privacy.gov.au;282-545-1375;1
977;Alysa;Lett;Female;alettr4@businessweek.com;970-252-5555;2
978;Jimmie;Maty;Male;jmatyr5@eepurl.com;850-562-5094;3
979;Abra;Hauxby;Female;ahauxbyr6@godaddy.com;332-771-4865;1
980;Kristo;Leicester;Male;kleicesterr7@usnews.com;237-793-3985;2
981;Aura;Lorente;Female;alorenter8@gnu.org;901-892-4187;3
982;Emelia;Gurnell;Female;egurnellr9@accuweather.com;447-805-1041;1
983;Gerty;Mayston;Bigender;gmaystonra@upenn.edu;579-585-5633;2
984;Raimundo;Marzelli;Male;rmarzellirb@canalblog.com;583-181-1123;3
985;Barbee;Danes;Agender;bdanesrc@chicagotribune.com;614-660-9729;1
986;Hillary;Ree;Agender;hreerd@ovh.net;301-331-9075;2
987;Alida;Bridgen;Polygender;abridgenre@51.la;791-953-1359;3
988;Maggy;Middlewick;Female;mmiddlewickrf@businesswire.com;891-900-5139;1
989;Selina;Chessman;Female;schessmanrg@businesswire.com;151-576-2393;2
990;Tonie;Rumming;Female;trummingrh@bloglines.com;824-281-7753;3
991;Port;Bukowski;Male;pbukowskiri@amazonaws.com;842-763-2056;1
992;Mela;Baber;Female;mbaberrj@google.com.au;824-388-8732;2
993;Raina;Pinke;Female;rpinkerk@zimbio.com;885-163-6568;3
994;Quillan;Wiltshear;Male;qwiltshearrl@gov.uk;873-523-4026;1
995;Gerhard;Brittin;Male;gbrittinrm@seattletimes.com;782-968-3889;2
996;Loralee;Perrone;Female;lperronern@seattletimes.com;783-127-8831;3
997;Genvieve;Cicconettii;Agender;gcicconettiiro@phpbb.com;340-694-9323;1
998;Kiah;O'Bradain;Female;kobradainrp@shutterfly.com;439-557-2285;2
999;Tailor;Robertson;Male;trobertsonrq@hubpages.com;385-864-7568;3
1000;Ashley;Scholar;Male;ascholarrr@tumblr.com;710-537-4832;1
